FILENAME;ID;START_POS;IS_HEX;TEXT_ORIGINAL;TEXT_LITERAL_ENGLISH;TEXT_CONVERTED_ENGLISH;LINE_WIDTH
START.MES;1;0x0;Y;B2 13 A7 11 2C 11 2C 10 4F 2C 10 C7 A9 10 07 AA B2 14 A7 11 2C 11 2C 10 4F 2C 10 C7 A9 10 07 AA B2 12 B6 14 9B 40 2C 12 2C 18 B0 00 9B 40 2C 13 2C 18 50 00 AD 22 70 69 63 5C 65 6C 66 2E 70 72 37 22 9B 40 2C 10 1E 2C 18 50 00 B7 13 2C 11 2C 22 61 6E 69 5C 65 6C 66 2E 61 6E 69 22 B7 15 2C 11 2C 10 09 B2 14 B2 11 A6 10 64 B6 12 2C 10 17 B7 17 2C 11 A6 10 C8 9B 40 2C 12 2C 18 80 00 9B 40 2C 13 2C 18 20 00 9B 40 2C 10 1E 2C 18 50 00 9B 40 2C 16 2C 10 10 9B 40 2C 17 2C 11 9B 40 2C 10 07 2C 10 1F 9B 40 2C 10 09 2C 18 0D 03 9A 44 2C 11 9E 9D 44 14 21 7B 9B 40 2C 10 0A 44 13 2A 2B 2C 10 0B 44 16 25 10 10 2A 2B 9B 40 2C 10 0B 44 13 2A 2B 2C 10 85 44 16 2F 10 11 2A 2B 9A 44 2C 44 12 2B 7D 9B 40 2C 10 25 2C 11 9B 40 2C 10 26 2C 40 10 26 5C 18 FF FD 26 B2 12 B2 13 A7 11 2C 11 2C 10 4F 2C 18 01 8F A9 10 07 AA B2 14 B2 11 9A 41 2C 18 90 00 9A 55 2C 18 A8 00 9A 59 2C 11 B3 12 2C 7B B2 13 AA B6 14 B2 12 A7 11 2C 11 2C 10 4F 2C 10 C7 A9 10 07 AA B2 11 A2 22 69 6E 69 74 2E 6D 65 73 22 7D B3 16 2C 7B B2 13 AA B6 14 B2 12 A7 11 2C 11 2C 10 4F 2C 10 C7 A9 10 07 AA B2 11 A2 22 6D 61 6E 75 61 6C 2E 6D 65 73 22 7D 99 11 2C 11 9E 9D 01 11 3D 7B B2 13 B6 14 AA B6 12 2C 10 0E B0 AD 22 70 69 63 5C 6F 70 31 2E 70 72 37 22 B2 14 A6 10 C8 B2 13 AA B0 AD 22 70 69 63 5C 6F 70 32 2E 70 72 37 22 B2 14 A6 10 C8 B2 13 AA B0 AD 22 70 69 63 5C 6F 70 33 2E 70 72 37 22 B2 14 9B 40 2C 10 1E 2C 18 50 00 B7 13 2C 11 2C 22 61 6E 69 5C 61 2D 34 2E 61 6E 69 22 A6 10 32 B7 17 2C 11 B7 17 2C 11 B7 17 2C 11 9B 40 2C 10 1E 2C 18 50 00 B7 13 2C 11 2C 22 61 6E 69 5C 61 2D 34 2D 32 2E 61 6E 69 22 B7 17 2C 11 A6 10 C8 B7 15 2C 11 2C 10 09 B2 13 B6 13 AA B0 AD 22 70 69 63 5C 6F 70 34 63 2E 70 61 37 22 A6 10 14 B6 12 2C 10 14 B2 14 9A 58 2C 11 9E 9D 58 10 5A 21 7B A6 12 9A 58 2C 58 12 2B 7D A6 10 64 A6 B2 13 B6 13 AA B0 AD 22 70 69 63 5C 6F 70 35 2E 70 72 37 22 A6 10 14 B6 12 2C 10 0C B2 14 A4 12 2C 7B AF 10 18 2C 10 0A 2C 10 98 2C 10 12 2C 10 3C 2C 10 41 2C 12 2C 12 2C 12 2C 11 2C 18 FF FF A8 10 0A 2C 10 C8 7D ;;;30
START.MES;2;0x297;Y;C1;;;30
START.MES;3;0x298;N;それは・・・漆黒の闇の底に落した１つの林檎のように見えた。;It ... looked like a single apple that fell to the bottom of jet-black darkness.;It ... looks like a lone apple|surrounded by jet black darkness.;30
START.MES;4;0x2D2;Y;C1;;;30
START.MES;5;0x2D3;N;周囲を高い壁で被われ外部と遮断された街・・・レイク・サイド。;A city surrounded by high walls and isolated from the outside ... Lake Side.;Lake Side. A city surrounded by high walls and isolated from the outside world.;30
START.MES;6;0x30F;Y;C1 A6 10 64 C1 C1 C1;;;30
START.MES;7;0x316;N;周りの闇とは対照的に街の中には家が建ち並び光に満ち溢れていた;In contrast to the surrounding darkness, there were houses lined up in the city and full of light;In contrast to the surrounding darkness, there are houses of people in the city and streets full of light.;30
START.MES;8;0x352;Y;C1 A6 10 64 C1 C1 C1;;;30
START.MES;9;0x359;N;俺の名前は、『ジョージ』。この街で修理屋をやっている。;"My name is ""George"". I'm a repair shop in this town.";My name is George. I run a repair shop in town.;30
START.MES;10;0x38F;Y;C1;;;30
START.MES;11;0x390;N;修理屋といっても皆が想像するあれとはちょっとちがう。;Even if it's a repair shop, it's a little different from what everyone imagines.;I say repair shop, but its a bit different to what you would expect a repair shop to be.;30
START.MES;12;0x3C4;Y;C1 A6 10 64 C1 C1 C1;;;30
START.MES;13;0x3CA;N;時々、壁の外から飛来して若い女の子をさらっていくステロイドとﾁ呼ばれる奴らから身を守る武器を作るのが俺達修理屋だ。;We repair shops make weapons that protect us from the so-called steroids, who sometimes fly from outside the walls and kidnap young girls.;Repair shops make weapons that protect us from the so called steroids, mechanised beasts who sometimes fly from outside the walls and kidnap people.;30
START.MES;14;0x43C;Y;C1 A6 10 64;;;30
START.MES;15;0x440;Y;B2 13 AA 9B 40 2C 10 27 2C 10 1E 18 01 00 2A B0 AD 22 70 69 63 5C 6F 70 36 61 2E 70 72 37 22 9B 40 2C 10 27 2C 18 FF FF B2 14 A4 12 2C 7B AF 10 18 2C 10 0A 2C 10 66 10 1E 2B 2C 10 12 2C 10 3C 2C 10 61 10 1E 2D 2C 12 2C 12 2C 12 2C 11 2C 18 FF FF A8 10 0A 2C 10 B2 7D ;"This seems to be loading the graphic ""pic\op6a.pr7” which is the static image of the Temptation Spring wooded area.";;30
START.MES;16;0x499;Y;C1;;;30
START.MES;17;0x49A;N;レイク・サイドの街のはずれには誘惑の泉と呼ばれる泉がある。;On the outskirts of Lake Side, there is a spring called the Temptation Spring.;On the outskirts of Lake Side, there is a glade called Temptation Spring.;30
START.MES;18;0x4D4;Y;C1 A6 10 64 C1 C1 C1;;;30
START.MES;19;0x4DA;N;ここには、一口飲めば体中に力が涌いてくるし二口飲めば大抵のﾁ病気も治ってしまう不思議な水が涌いている。;There is a mysterious water here that takes a sip to all over your body and a double sip cures most of the illnesses.;;30
START.MES;20;0x540;Y;C1 A6 10 64 C1 C1 C1;;;30
START.MES;21;0x547;N;そうそう、時々ステロイドが落していくジルニウムという金属もﾁこの水に浸すと一時に柔らかくなって簡単に加工できるようになる;Oh yeah, the metal called zirunium, where steroids sometimes drop, becomes soft at one time when soaked in this water, making it easy to process;;30
START.MES;22;0x5BE;Y;C1 A6 10 64 C1 C1 C1;;;30
START.MES;23;0x5C5;N;俺達修理屋もここの水とジルニウムを使って武器を作るんだ。;We repair shops also use this water and zirconium to make weapons.;;30
START.MES;24;0x5FD;Y;C1 A6 10 64;;;30
START.MES;25;0x601;Y;B2 13 AA B0 AD 10 10 2C 22 70 69 63 5C 6F 70 37 61 2E 70 72 37 22 B0 AD 22 70 69 63 5C 6F 70 37 62 31 2E 70 72 37 22 B0 AD 10 10 2C 22 70 69 63 5C 6F 70 37 62 32 2E 70 72 37 22 B2 14 9A 58 2C 18 01 2C AF 10 18 2C 10 14 2C 11 2C 10 64 2C 10 28 2C 10 63 2C 12 2C 13 2C 14 2C 10 63 18 01 00 2A 10 28 2B 2C 18 FF FF AF 10 18 2C 10 14 2C 11 2C 10 C8 2C 10 28 2C 10 63 2C 12 2C 13 2C 14 2C 10 C7 18 01 00 2A 11 2B 2C 18 FF FF 9B 40 2C 13 2C 18 50 00 AD 10 10 2C 22 70 69 63 5C 6F 70 37 63 2E 70 72 37 22 B5 10 FF 2C 10 14 2C 11 2C 10 3B 2C 10 63 2C 10 14 2C 11 AD 10 10 2C 22 70 69 63 5C 6F 70 37 64 2E 70 72 37 22 B5 10 FF 2C 10 14 2C 11 2C 10 3B 2C 10 63 2C 10 14 2C 11 AD 10 10 2C 22 70 69 63 5C 6F 70 37 65 2E 70 72 37 22 B5 10 FF 2C 10 14 2C 11 2C 10 3B 2C 10 63 2C 10 14 2C 11 9B 40 2C 13 2C 18 20 00 A7 11 2C 10 64 2C 18 02 7F 2C 18 01 8F AA A4 12 2C 7B AF 10 18 2C 10 0A 2C 10 66 10 0F 2B 2C 10 12 2C 10 3C 2C 10 61 10 0F 2D 2C 12 2C 12 2C 12 2C 11 2C 18 FF FF A8 10 0A 2C 10 B2 7D;"This seems to load several images in sequence: ""pic\op7a.pr7” through to ""pic\op7e.pr7"" – this is the vertically scrolling image of the naked girl bathing in the water (from bottom to top), followed by her head turning towards the viewer.";;30
START.MES;26;0x749;Y;C1;;;30
START.MES;27;0x74A;N;彼女の名前はミリア。俺のフィアンセだ。;Her name is Milia. It's my fiance. ;Her name is Milia and she is my fiance. ;30
START.MES;28;0x770;Y;C1;;;30
START.MES;29;0x771;N;今日も、俺が仕事で泉に行くっていったらついてきちまった。;Today, when I went to the fountain for work, I followed him.;Just today I went to the fountain and she came with me.;30
START.MES;30;0x7A9;Y;C1 A6 10 64 C1 C1 C1;;;30
START.MES;31;0x7B0;N;まったく、俺は仕事でここに来てるのにまったくミリアときたらﾁ早速水浴びを始めちまった。;I'm here for work, but when it's just Miria, I just started bathing.;Since it was just Milia and I, we started bathing in the water.;30
START.MES;32;0x805;Y;C1 A6 10 64 C1 C1 C1;;;30
START.MES;33;0x80C;N;まあ、俺も目の保養になるからいいかなって・・・;Well, I think it'll be good for my eyes too …;Well… I guess that could be good for my eyes too!;30
START.MES;34;0x83A;Y;C1 A6 10 64 C1 C1 C1;;;30
START.MES;35;0x841;N;そのミリアが泉のほとりでとんでもないものを見つけちまった;Then Milia found a ridiculous thing by the spring;;30
START.MES;36;0x87B;Y;C1;;;30
START.MES;37;0x87C;Y;C1 A6 10 64 B2 13 A7 11 2C 11 2C 18 02 7F 2C 18 01 8F AA B6 14 B6 12 2C 10 0F B0 AD 22 70 69 63 5C 6F 70 38 61 2E 70 72 37 22 B0 AD 10 10 2C 22 70 69 63 5C 6F 70 38 62 2E 70 72 37 22 B2 14 AF 10 18 2C 10 18 2C 11 2C 10 64 2C 10 24 2C 10 64 2C 12 2C 12 2C 14 2C 10 64 18 01 00 2A 10 18 2B 2C 18 FF FF A7 11 2C 10 64 2C 18 02 7F 2C 18 01 8F AA A4 12 2C 7B AF 10 18 2C 10 0A 2C 10 66 2C 10 12 2C 10 3C 2C 10 61 2C 12 2C 12 2C 12 2C 11 2C 18 FF FF A8 10 0A 2C 10 B2 7D;"This loads ""pic\op8a.pr7” and ""pic\op8b.pr7” which are images of the ruined steroid mecha and then the same mecha in a repair bar. The ruined images are vertically scrolled (from top to bottom).";;30
START.MES;38;0x917;Y;C1;;;30
START.MES;39;0x918;N;なんと、森の中にあったのは壊れたステロイドだった。;What was in the forest was a broken steroid. ;;30
START.MES;40;0x94A;Y;C1;;;30
START.MES;41;0x94B;N;ミリアと相談して俺達はここでこのステロイドを治すことにした;In consultation with Milia we decided to cure this steroid her;;30
START.MES;42;0x987;Y;C1 A6 10 64 ;;;30
START.MES;43;0x98B;Y;B2 13 A7 11 2C 11 2C 18 02 7F 2C 18 01 8F AA B0 AD 22 70 69 63 5C 6F 70 39 2E 70 72 37 22 B2 14 A6 18 01 2C B2 13 AA B6 14 B6 12 2C 10 13 B0 AD 22 70 69 63 5C 6F 70 61 2E 70 72 37 22 B2 14 9A 58 2C 10 64 9E 9D 58 11 21 7B A6 12 9A 58 2C 58 12 2D 7D A7 11 2C 10 96 2C 18 02 7F 2C 10 C7 AA B7 13 2C 11 2C 22 61 6E 69 5C 6F 70 2D 31 31 61 2E 61 6E 69 22 B7 15 2C 11 2C 17 A7 17 2C 10 98 2C 10 49 2C 10 C7 AA A9 17 ;"Loads images ""pic\op9.pr7”, ""pic\opa.pr7 and animation file ""ani\op-11a.ani. This is the animation of Milia talking to you over lunch/dinner – well, she has a spoon in her hand and there is a loaf of bread next to her. NOTE that after this section there is not a delimiter to the next text string!!!";;30
START.MES;44;0xA14;N;［ミリア］あのステロイドの修理もあと、もうすこしね。;[Milia] I'll have to repair that steroid soon.;;99
START.MES;45;0xA48;Y;A6 AA A9 10 07 ;;;30
START.MES;46;0xA4D;N;［ジョージ］ああ、もうほとんど修理は終ったよ。あとは、一度街に戻って制御装置を取り付ければ動くだろうな。;[George] Ah, almost all repairs are done. After that, if you go back to the city and install the control device, it will work.;;30
START.MES;47;0xAB5;Y;A6 AA A9 17 ;;;30
START.MES;48;0xAB9;N;［ミリア］でも、すごいわね。森の中でステロイドを見つけたときも驚いたけどそれを直して動くようにしちゃうんだから。;[Milia] But it's amazing. I was surprised when I found a steroid in the forest, but I fixed it and made it work.;;30
START.MES;49;0xB29;Y;A6 AA A9 10 07 ;;;30
START.MES;50;0xB2F;N;［ジョージ］少しは俺のことを見直した？;[George] Did you revisit me a little?;;30
START.MES;51;0xB54;Y;A6 AA A9 17 ;;;30
START.MES;52;0xB58;N;［ミリア］うん、とっても。;[Milia] Yeah, very.;;30
START.MES;53;0xB72;Y;A6 AA;;;30
START.MES;54;0x874;N;［ミリア］ねぇジョージ。私、少しだけ心配なことがあるのよ;[Milia] Hey George. I have some worries;;30
START.MES;55;0xBAE;Y;A6 AA A9 10 07 ;;;30
START.MES;56;0xBB3;Y;B7 15 2C 11 2C 10 09 B2 13 A7 11 2C 11 2C 18 02 7F 2C 18 01 8F AA AA B0 AD 22 70 69 63 5C 6F 70 62 2E 70 72 37 22 B2 14 B7 13 2C 11 2C 22 61 6E 69 5C 6F 70 2D 31 31 62 2E 61 6E 69 22 B7 15 2C 11 2C 17 A7 17 2C 10 98 2C 10 49 2C 10 C7 AA A9 17 ;"Loads image ""pic\opb.pr7” and animation file ""ani\op-11b.ani which is an animated headshot of Milia talking. NOTE that after this section there is not a delimiter to the next text string!!!";;30
START.MES;57;0xC04;N;［ミリア］あのステロイドと一緒に見つけた・・・;[Milia] I found it with that steroid ...;;30
START.MES;58;0xC32;Y;A6 AA A9 10 07 ;;;30
START.MES;59;0xC37;N;［ジョージ］ああ、あの薄紫色をした水晶みたいな玉のことだろう。;[George] Yeah, maybe that lilac-colored crystal ball.;;30
START.MES;60;0xC75;Y;A6 AA A9 17 ;;;30
START.MES;61;0xC79;N;［ミリア］ええ、あの玉を見てるとなんだか吸い込まれそうな・・・とにかくとっても不安な気持ちになるのよ。;[Millia] Yeah, when you look at that ball, it seems like you'll be sucked in ... it just makes me feel uneasy.;;30
START.MES;62;0xCD9;Y;A6 AA;;;30
START.MES;63;0xCE1;N;［ミリア］ねえ、お願いだからその玉はもとあった場所に戻してきてくれない。;[Milia] Hey, please don't bring the ball back to where it was.;;30
START.MES;64;0xD29;Y;A6 AA A9 10 07 ;;;30
START.MES;65;0xD2E;N;［ジョージ］まったく・・・ミリアは心配症だから。俺にはただの水晶玉にしか見えないぜ！;[George] Exactly ... Milia is anxious. It just looks like a crystal ball to me!;;30
START.MES;66;0xD82;Y;A6 AA A9 17 ;;;30
START.MES;67;0xD86;N;［ミリア］でも・・・・・・・・・・・・。;[Millia] But ...;;30
START.MES;68;0xDAE;Y;A6 AA A9 10 07 ;;;30
START.MES;69;0xDB3;N;［ジョージ］まあ、これはあのステロイドの横に落ちてただけで直接ステロイドに関係のあるものじゃないかもしれないしな・・・。;[George] Well, this may have nothing to do with steroids just because it fell next to it.;;30
START.MES;70;0xE2B;Y;A6 AA A9 10 07 ;;;30
START.MES;71;0xE2F;N;［ミリア］でも・・・・・・・・・・・・。;[Millia] But ...;;30
START.MES;72;0xE57;Y;A6 AA A9 10 07 ;;;30
START.MES;73;0xE5C;N;［ジョージ］わかったよ。あとでもとあったところに戻してくるわ。;[George] I see. I'll come back to where it originally was.;;30
START.MES;74;0xE9A;Y;A6 AA A9 17 ;;;30
START.MES;75;0xE9E;N;［ミリア］ごめん・・・わがままいって・・・。;[Milia] I'm sorry ... I'm so selfish ...;;30
START.MES;76;0xECA;Y;A6 AA A9 10 07 ;;;30
START.MES;77;0xECF;N;［ジョージ］んっ？何か音がしないか。ほらっ！こっちに近付いてきてる！;[George] Hmm? Is there any sound? See! It's approaching me!;;30
START.MES;78;0xF13;Y;A6 AA A9 17 ;;;30
START.MES;79;0xF17;N;［ミリア］そういえば・・・;[Milia] By the way ...;;30
START.MES;80;0xF31;Y;A6 B7 15 2C 11 2C 10 09 B6 14 9A 45 2C 11 9E 9D 45 11 3D 7B 9D 40 10 32 5C 18 F0 FF 7C 18 FF FF 21 7B 9B 40 2C 10 32 2C 40 10 32 5C 18 01 00 2B 7D 9D 40 10 32 5C 18 FF 0F 7C 18 FF FF 21 7B 9B 40 2C 10 32 2C 40 10 32 5C 10 10 2B 7D 9D 40 10 32 5C 18 FF F0 7C 18 FF FF 21 7B 9B 40 2C 10 32 2C 40 10 32 5C 12 2B 7D 9D 40 10 33 5C 18 F0 FF 7C 18 FF FF 21 7B 9B 40 2C 10 33 2C 40 10 33 5C 18 01 00 2B 7D 9D 40 10 33 5C 18 FF 0F 7C 18 FF FF 21 7B 9B 40 2C 10 33 2C 40 10 33 5C 10 10 2B 7D 9D 40 10 33 5C 18 FF F0 7C 18 FF FF 21 7B 9B 40 2C 10 33 2C 40 10 33 5C 12 2B 7D 9D 40 10 34 5C 18 F0 FF 7C 18 FF FF 21 7B 9B 40 2C 10 34 2C 40 10 34 5C 18 01 00 2B 7D 9D 40 10 34 5C 18 FF 0F 7C 18 FF FF 21 7B 9B 40 2C 10 34 2C 40 10 34 5C 10 10 2B 7D 9D 40 10 34 5C 18 FF F0 7C 18 FF FF 21 7B 9B 40 2C 10 34 2C 40 10 34 5C 12 2B 7D 9D 40 10 35 5C 18 F0 FF 7C 18 FF FF 21 7B 9B 40 2C 10 35 2C 40 10 35 5C 18 01 00 2B 7D 9D 40 10 35 5C 18 FF 0F 7C 18 FF FF 21 7B 9B 40 2C 10 35 2C 40 10 35 5C 10 10 2B 7D 9D 40 10 35 5C 18 FF F0 7C 18 FF FF 21 7B 9B 40 2C 10 35 2C 40 10 35 5C 12 2B 7D 9D 40 10 36 5C 18 F0 FF 7C 18 FF FF 21 7B 9B 40 2C 10 36 2C 40 10 36 5C 18 01 00 2B 7D 9D 40 10 36 5C 18 FF 0F 7C 18 FF FF 21 7B 9B 40 2C 10 36 2C 40 10 36 5C 10 10 2B 7D 9D 40 10 36 5C 18 FF F0 7C 18 FF FF 21 7B 9B 40 2C 10 36 2C 40 10 36 5C 12 2B 7D 9D 40 10 37 5C 18 F0 FF 7C 18 FF FF 21 7B 9B 40 2C 10 37 2C 40 10 37 5C 18 01 00 2B 7D 9D 40 10 37 5C 18 FF 0F 7C 18 FF FF 21 7B 9B 40 2C 10 37 2C 40 10 37 5C 10 10 2B 7D 9D 40 10 37 5C 18 FF F0 7C 18 FF FF 21 7B 9B 40 2C 10 37 2C 40 10 37 5C 12 2B 7D 9D 40 10 38 5C 18 F0 FF 7C 18 FF FF 21 7B 9B 40 2C 10 38 2C 40 10 38 5C 18 01 00 2B 7D 9D 40 10 38 5C 18 FF 0F 7C 18 FF FF 21 7B 9B 40 2C 10 38 2C 40 10 38 5C 10 10 2B 7D 9D 40 10 38 5C 18 FF F0 7C 18 FF FF 21 7B 9B 40 2C 10 38 2C 40 10 38 5C 12 2B 7D 9D 40 10 39 5C 18 F0 FF 7C 18 FF FF 21 7B 9B 40 2C 10 39 2C 40 10 39 5C 18 01 00 2B 7D 9D 40 10 39 5C 18 FF 0F 7C 18 FF FF 21 7B 9B 40 2C 10 39 2C 40 10 39 5C 10 10 2B 7D 9D 40 10 39 5C 18 FF F0 7C 18 FF FF 21 7B 9B 40 2C 10 39 2C 40 10 39 5C 12 2B 7D 9D 40 10 3A 5C 18 F0 FF 7C 18 FF FF 21 7B 9B 40 2C 10 3A 2C 40 10 3A 5C 18 01 00 2B 7D 9D 40 10 3A 5C 18 FF 0F 7C 18 FF FF 21 7B 9B 40 2C 10 3A 2C 40 10 3A 5C 10 10 2B 7D 9D 40 10 3A 5C 18 FF F0 7C 18 FF FF 21 7B 9B 40 2C 10 3A 2C 40 10 3A 5C 12 2B 7D 9D 40 10 3B 5C 18 F0 FF 7C 18 FF FF 21 7B 9B 40 2C 10 3B 2C 40 10 3B 5C 18 01 00 2B 7D 9D 40 10 3B 5C 18 FF 0F 7C 18 FF FF 21 7B 9B 40 2C 10 3B 2C 40 10 3B 5C 10 10 2B 7D 9D 40 10 3B 5C 18 FF F0 7C 18 FF FF 21 7B 9B 40 2C 10 3B 2C 40 10 3B 5C 12 2B 7D 9D 40 10 3C 5C 18 F0 FF 7C 18 FF FF 21 7B 9B 40 2C 10 3C 2C 40 10 3C 5C 18 01 00 2B 7D 9D 40 10 3C 5C 18 FF 0F 7C 18 FF FF 21 7B 9B 40 2C 10 3C 2C 40 10 3C 5C 10 10 2B 7D 9D 40 10 3C 5C 18 FF F0 7C 18 FF FF 21 7B 9B 40 2C 10 3C 2C 40 10 3C 5C 12 2B 7D 9D 40 10 3D 5C 18 F0 FF 7C 18 FF FF 21 7B 9B 40 2C 10 3D 2C 40 10 3D 5C 18 01 00 2B 7D 9D 40 10 3D 5C 18 FF 0F 7C 18 FF FF 21 7B 9B 40 2C 10 3D 2C 40 10 3D 5C 10 10 2B 7D 9D 40 10 3D 5C 18 FF F0 7C 18 FF FF 21 7B 9B 40 2C 10 3D 2C 40 10 3D 5C 12 2B 7D 9D 40 10 3E 5C 18 F0 FF 7C 18 FF FF 21 7B 9B 40 2C 10 3E 2C 40 10 3E 5C 18 01 00 2B 7D 9D 40 10 3E 5C 18 FF 0F 7C 18 FF FF 21 7B 9B 40 2C 10 3E 2C 40 10 3E 5C 10 10 2B 7D 9D 40 10 3E 5C 18 FF F0 7C 18 FF FF 21 7B 9B 40 2C 10 3E 2C 40 10 3E 5C 12 2B 7D 9D 40 10 3F 5C 18 F0 FF 7C 18 FF FF 21 7B 9B 40 2C 10 3F 2C 40 10 3F 5C 18 01 00 2B 7D 9D 40 10 3F 5C 18 FF 0F 7C 18 FF FF 21 7B 9B 40 2C 10 3F 2C 40 10 3F 5C 10 10 2B 7D 9D 40 10 3F 5C 18 FF F0 7C 18 FF FF 21 7B 9B 40 2C 10 3F 2C 40 10 3F 5C 12 2B 7D 9D 40 10 40 5C 18 F0 FF 7C 18 FF FF 21 7B 9B 40 2C 10 40 2C 40 10 40 5C 18 01 00 2B 7D 9D 40 10 40 5C 18 FF 0F 7C 18 FF FF 21 7B 9B 40 2C 10 40 2C 40 10 40 5C 10 10 2B 7D 9D 40 10 40 5C 18 FF F0 7C 18 FF FF 21 7B 9B 40 2C 10 40 2C 40 10 40 5C 12 2B 7D 9D 40 10 41 5C 18 F0 FF 7C 18 FF FF 21 7B 9B 40 2C 10 41 2C 40 10 41 5C 18 01 00 2B 7D 9D 40 10 41 5C 18 FF 0F 7C 18 FF FF 21 7B 9B 40 2C 10 41 2C 40 10 41 5C 10 10 2B 7D 9D 40 10 41 5C 18 FF F0 7C 18 FF FF 21 7B 9B 40 2C 10 41 2C 40 10 41 5C 12 2B 7D 9A 57 2C 11 9E 9D 57 10 10 21 7B B2 15 2C 57 2C 10 07 9A 57 2C 57 12 2B 7D 9A 45 2C 12 9D 40 10 32 5C 18 0F FF 21 7B 9A 45 2C 11 7D 9D 40 10 33 5C 18 0F FF 21 7B 9A 45 2C 11 7D 9D 40 10 34 5C 18 0F FF 21 7B 9A 45 2C 11 7D 9D 40 10 35 5C 18 0F FF 21 7B 9A 45 2C 11 7D 9D 40 10 36 5C 18 0F FF 21 7B 9A 45 2C 11 7D 9D 40 10 37 5C 18 0F FF 21 7B 9A 45 2C 11 7D 9D 40 10 38 5C 18 0F FF 21 7B 9A 45 2C 11 7D 9D 40 10 39 5C 18 0F FF 21 7B 9A 45 2C 11 7D 9D 40 10 3A 5C 18 0F FF 21 7B 9A 45 2C 11 7D 9D 40 10 3B 5C 18 0F FF 21 7B 9A 45 2C 11 7D 9D 40 10 3C 5C 18 0F FF 21 7B 9A 45 2C 11 7D 9D 40 10 3D 5C 18 0F FF 21 7B 9A 45 2C 11 7D 9D 40 10 3E 5C 18 0F FF 21 7B 9A 45 2C 11 7D 9D 40 10 3F 5C 18 0F FF 21 7B 9A 45 2C 11 7D 9D 40 10 40 5C 18 0F FF 21 7B 9A 45 2C 11 7D 9D 40 10 41 5C 18 0F FF 21 7B 9A 45 2C 11 7D 7D A4 13 2C 7B 9A 54 2C 40 10 32 5C 9B 40 2C 10 32 2C 18 0F FF 9A 42 2C 40 10 33 5C 9B 40 2C 10 33 2C 18 0F FF 9A 43 2C 40 10 34 5C 9B 40 2C 10 34 2C 18 0F FF 9A 44 2C 40 10 35 5C 9B 40 2C 10 35 2C 18 0F FF 9A 45 2C 40 10 36 5C 9B 40 2C 10 36 2C 18 0F FF 9A 46 2C 40 10 37 5C 9B 40 2C 10 37 2C 18 0F FF 9A 47 2C 40 10 38 5C 9B 40 2C 10 38 2C 18 0F FF 9A 48 2C 40 10 39 5C 9B 40 2C 10 39 2C 18 0F FF 9A 49 2C 40 10 3A 5C 9B 40 2C 10 3A 2C 18 0F FF 9A 4A 2C 40 10 3B 5C 9B 40 2C 10 3B 2C 18 0F FF 9A 4B 2C 40 10 3C 5C 9B 40 2C 10 3C 2C 18 0F FF 9A 4C 2C 40 10 3D 5C 9B 40 2C 10 3D 2C 18 0F FF 9A 4D 2C 40 10 3E 5C 9B 40 2C 10 3E 2C 18 0F FF 9A 4E 2C 40 10 3F 5C 9B 40 2C 10 3F 2C 18 0F FF 9A 4F 2C 40 10 40 5C 9B 40 2C 10 40 2C 18 0F FF 9A 50 2C 40 10 41 5C 9B 40 2C 10 41 2C 18 0F FF 9A 51 2C 11 9E 9D 51 10 10 21 7B B2 15 2C 51 2C 10 07 9A 51 2C 51 12 2B 7D 9A 52 2C 11 9E 9D 52 11 3D 7B 9A 52 2C 12 9D 54 18 0F 00 26 40 10 32 5C 18 0F 00 26 21 7B 9B 40 2C 10 32 2C 40 10 32 5C 18 01 00 2D 9A 52 2C 11 7D 9D 54 10 F0 26 40 10 32 5C 10 F0 26 21 7B 9B 40 2C 10 32 2C 40 10 32 5C 10 10 2D 9A 52 2C 11 7D 9D 54 10 0F 26 40 10 32 5C 10 0F 26 21 7B 9B 40 2C 10 32 2C 40 10 32 5C 12 2D 9A 52 2C 11 7D 9D 42 18 0F 00 26 40 10 33 5C 18 0F 00 26 21 7B 9B 40 2C 10 33 2C 40 10 33 5C 18 01 00 2D 9A 52 2C 11 7D 9D 42 10 F0 26 40 10 33 5C 10 F0 26 21 7B 9B 40 2C 10 33 2C 40 10 33 5C 10 10 2D 9A 52 2C 11 7D 9D 42 10 0F 26 40 10 33 5C 10 0F 26 21 7B 9B 40 2C 10 33 2C 40 10 33 5C 12 2D 9A 52 2C 11 7D 9D 43 18 0F 00 26 40 10 34 5C 18 0F 00 26 21 7B 9B 40 2C 10 34 2C 40 10 34 5C 18 01 00 2D 9A 52 2C 11 7D 9D 43 10 F0 26 40 10 34 5C 10 F0 26 21 7B 9B 40 2C 10 34 2C 40 10 34 5C 10 10 2D 9A 52 2C 11 7D 9D 43 10 0F 26 40 10 34 5C 10 0F 26 21 7B 9B 40 2C 10 34 2C 40 10 34 5C 12 2D 9A 52 2C 11 7D 9D 44 18 0F 00 26 40 10 35 5C 18 0F 00 26 21 7B 9B 40 2C 10 35 2C 40 10 35 5C 18 01 00 2D 9A 52 2C 11 7D 9D 44 10 F0 26 40 10 35 5C 10 F0 26 21 7B 9B 40 2C 10 35 2C 40 10 35 5C 10 10 2D 9A 52 2C 11 7D 9D 44 10 0F 26 40 10 35 5C 10 0F 26 21 7B 9B 40 2C 10 35 2C 40 10 35 5C 12 2D 9A 52 2C 11 7D 9D 45 18 0F 00 26 40 10 36 5C 18 0F 00 26 21 7B 9B 40 2C 10 36 2C 40 10 36 5C 18 01 00 2D 9A 52 2C 11 7D 9D 45 10 F0 26 40 10 36 5C 10 F0 26 21 7B 9B 40 2C 10 36 2C 40 10 36 5C 10 10 2D 9A 52 2C 11 7D 9D 45 10 0F 26 40 10 36 5C 10 0F 26 21 7B 9B 40 2C 10 36 2C 40 10 36 5C 12 2D 9A 52 2C 11 7D 9D 46 18 0F 00 26 40 10 37 5C 18 0F 00 26 21 7B 9B 40 2C 10 37 2C 40 10 37 5C 18 01 00 2D 9A 52 2C 11 7D 9D 46 10 F0 26 40 10 37 5C 10 F0 26 21 7B 9B 40 2C 10 37 2C 40 10 37 5C 10 10 2D 9A 52 2C 11 7D 9D 46 10 0F 26 40 10 37 5C 10 0F 26 21 7B 9B 40 2C 10 37 2C 40 10 37 5C 12 2D 9A 52 2C 11 7D 9D 47 18 0F 00 26 40 10 38 5C 18 0F 00 26 21 7B 9B 40 2C 10 38 2C 40 10 38 5C 18 01 00 2D 9A 52 2C 11 7D 9D 47 10 F0 26 40 10 38 5C 10 F0 26 21 7B 9B 40 2C 10 38 2C 40 10 38 5C 10 10 2D 9A 52 2C 11 7D 9D 47 10 0F 26 40 10 38 5C 10 0F 26 21 7B 9B 40 2C 10 38 2C 40 10 38 5C 12 2D 9A 52 2C 11 7D 9D 48 18 0F 00 26 40 10 39 5C 18 0F 00 26 21 7B 9B 40 2C 10 39 2C 40 10 39 5C 18 01 00 2D 9A 52 2C 11 7D 9D 48 10 F0 26 40 10 39 5C 10 F0 26 21 7B 9B 40 2C 10 39 2C 40 10 39 5C 10 10 2D 9A 52 2C 11 7D 9D 48 10 0F 26 40 10 39 5C 10 0F 26 21 7B 9B 40 2C 10 39 2C 40 10 39 5C 12 2D 9A 52 2C 11 7D 9D 49 18 0F 00 26 40 10 3A 5C 18 0F 00 26 21 7B 9B 40 2C 10 3A 2C 40 10 3A 5C 18 01 00 2D 9A 52 2C 11 7D 9D 49 10 F0 26 40 10 3A 5C 10 F0 26 21 7B 9B 40 2C 10 3A 2C 40 10 3A 5C 10 10 2D 9A 52 2C 11 7D 9D 49 10 0F 26 40 10 3A 5C 10 0F 26 21 7B 9B 40 2C 10 3A 2C 40 10 3A 5C 12 2D 9A 52 2C 11 7D 9D 4A 18 0F 00 26 40 10 3B 5C 18 0F 00 26 21 7B 9B 40 2C 10 3B 2C 40 10 3B 5C 18 01 00 2D 9A 52 2C 11 7D 9D 4A 10 F0 26 40 10 3B 5C 10 F0 26 21 7B 9B 40 2C 10 3B 2C 40 10 3B 5C 10 10 2D 9A 52 2C 11 7D 9D 4A 10 0F 26 40 10 3B 5C 10 0F 26 21 7B 9B 40 2C 10 3B 2C 40 10 3B 5C 12 2D 9A 52 2C 11 7D 9D 4B 18 0F 00 26 40 10 3C 5C 18 0F 00 26 21 7B 9B 40 2C 10 3C 2C 40 10 3C 5C 18 01 00 2D 9A 52 2C 11 7D 9D 4B 10 F0 26 40 10 3C 5C 10 F0 26 21 7B 9B 40 2C 10 3C 2C 40 10 3C 5C 10 10 2D 9A 52 2C 11 7D 9D 4B 10 0F 26 40 10 3C 5C 10 0F 26 21 7B 9B 40 2C 10 3C 2C 40 10 3C 5C 12 2D 9A 52 2C 11 7D 9D 4C 18 0F 00 26 40 10 3D 5C 18 0F 00 26 21 7B 9B 40 2C 10 3D 2C 40 10 3D 5C 18 01 00 2D 9A 52 2C 11 7D 9D 4C 10 F0 26 40 10 3D 5C 10 F0 26 21 7B 9B 40 2C 10 3D 2C 40 10 3D 5C 10 10 2D 9A 52 2C 11 7D 9D 4C 10 0F 26 40 10 3D 5C 10 0F 26 21 7B 9B 40 2C 10 3D 2C 40 10 3D 5C 12 2D 9A 52 2C 11 7D 9D 4D 18 0F 00 26 40 10 3E 5C 18 0F 00 26 21 7B 9B 40 2C 10 3E 2C 40 10 3E 5C 18 01 00 2D 9A 52 2C 11 7D 9D 4D 10 F0 26 40 10 3E 5C 10 F0 26 21 7B 9B 40 2C 10 3E 2C 40 10 3E 5C 10 10 2D 9A 52 2C 11 7D 9D 4D 10 0F 26 40 10 3E 5C 10 0F 26 21 7B 9B 40 2C 10 3E 2C 40 10 3E 5C 12 2D 9A 52 2C 11 7D 9D 4E 18 0F 00 26 40 10 3F 5C 18 0F 00 26 21 7B 9B 40 2C 10 3F 2C 40 10 3F 5C 18 01 00 2D 9A 52 2C 11 7D 9D 4E 10 F0 26 40 10 3F 5C 10 F0 26 21 7B 9B 40 2C 10 3F 2C 40 10 3F 5C 10 10 2D 9A 52 2C 11 7D 9D 4E 10 0F 26 40 10 3F 5C 10 0F 26 21 7B 9B 40 2C 10 3F 2C 40 10 3F 5C 12 2D 9A 52 2C 11 7D 9D 4F 18 0F 00 26 40 10 40 5C 18 0F 00 26 21 7B 9B 40 2C 10 40 2C 40 10 40 5C 18 01 00 2D 9A 52 2C 11 7D 9D 4F 10 F0 26 40 10 40 5C 10 F0 26 21 7B 9B 40 2C 10 40 2C 40 10 40 5C 10 10 2D 9A 52 2C 11 7D 9D 4F 10 0F 26 40 10 40 5C 10 0F 26 21 7B 9B 40 2C 10 40 2C 40 10 40 5C 12 2D 9A 52 2C 11 7D 9D 50 18 0F 00 26 40 10 41 5C 18 0F 00 26 21 7B 9B 40 2C 10 41 2C 40 10 41 5C 18 01 00 2D 9A 52 2C 11 7D 9D 50 10 F0 26 40 10 41 5C 10 F0 26 21 7B 9B 40 2C 10 41 2C 40 10 41 5C 10 10 2D 9A 52 2C 11 7D 9D 50 10 0F 26 40 10 41 5C 10 0F 26 21 7B 9B 40 2C 10 41 2C 40 10 41 5C 12 2D 9A 52 2C 11 7D 9A 51 2C 11 9E 9D 51 10 10 21 7B B2 15 2C 51 2C 10 07 9A 51 2C 51 12 2B 7D 7D 7D B6 12 2C 10 12 A7 11 2C 11 2C 10 4F 2C 10 C7 AA 11 B0 AD 22 70 69 63 5C 6F 70 63 61 2E 70 72 37 22 C2 A6 10 62 9A 51 2C 11 9E 9D 51 10 10 21 7B B2 15 2C 51 2C 11 9A 51 2C 51 12 2B 7D B0 AD 22 70 69 63 5C 6F 70 63 62 2E 70 72 37 22 9A 51 2C 11 9E 9D 51 10 10 21 7B B2 15 2C 51 2C 10 07 9A 51 2C 51 12 2B 7D A6 10 62 9A 51 2C 11 9E 9D 51 10 10 21 7B B2 15 2C 51 2C 11 9A 51 2C 51 12 2B 7D B0 AD 22 70 69 63 5C 6F 70 63 63 2E 70 72 37 22 9A 51 2C 11 9E 9D 51 10 10 21 7B B2 15 2C 51 2C 10 07 9A 51 2C 51 12 2B 7D A6 10 62 9A 51 2C 11 9E 9D 51 10 10 21 7B B2 15 2C 51 2C 11 9A 51 2C 51 12 2B 7D B0 AD 22 70 69 63 5C 6F 70 63 64 2E 70 72 37 22 9A 51 2C 11 9E 9D 51 10 10 21 7B B2 15 2C 51 2C 10 07 9A 51 2C 51 12 2B 7D A6 10 62 9A 51 2C 11 9E 9D 51 10 10 21 7B B2 15 2C 51 2C 11 9A 51 2C 51 12 2B 7D B0 AD 22 70 69 63 5C 6F 70 63 65 2E 70 72 37 22 9A 51 2C 11 9E 9D 51 10 10 21 7B B2 15 2C 51 2C 10 07 9A 51 2C 51 12 2B 7D A6 10 62 B2 13 AA B6 14 B6 12 2C 10 0D B0 AD 22 70 69 63 5C 6F 70 64 2E 70 72 37 22 B2 14 B7 13 2C 11 2C 22 61 6E 69 5C 6F 70 2D 31 33 2E 61 6E 69 22 B7 15 2C 11 2C 17 A7 17 2C 10 98 2C 10 49 2C 10 C7 AA A9 ;"This big block of data describes the images and animations shown when the steroid baddies swoop in and kidnap Milia. There’s a big block of data, then references to the images: ""pic\opca.pr”, ""pic\opcb.pr7”, ""pic\opcc.pr7”,  ""pic\opcd.pr7"", ""pic\opce.pr7”, ""pic\opd.pr7” and animation file ""ani\op-13.ani”. Clearly this is different to all the previous animation/slideshow examples. The images shown are: Milia screaming open-mouthed, Milia being grasped by the flying Steroid, the flying Steroid about to take off, George grasping for Milia as the Steroid flys away, both Steroids flying away, an animation of a red-haired woman with a heart below her left eye (Rupia) talking to you. No text is shown during this part until the animation of Rupia talking to you.";;30
START.MES;81;0x1E6E;Y;AA A9 17;;;30
START.MES;82;0x1E71;N;［女の子］目が覚めた？;[Girl] Did you wake up?;;30
START.MES;83;0x1E87;Y;A6 AA A9 10 07 ;;;30
START.MES;84;0x1E8C;N;［ジョージ］君は・・・誰？・・・何で俺の名前を知っているんだ！。;[George] Who are you? ... why do you know my name! ..;;30
START.MES;85;0x1ECC;Y;A6 AA A9 17;;;30
START.MES;86;0x1ED0;N;［女の子］私の名前はルピア。今までは、あなたが森でひろった薄紫の水晶に封印されていたのよ。;[Girl] My name is Rupiah. Until now, you've been sealed in a pale purple crystal in the forest.;;30
START.MES;87;0x1F2A;Y;A6 AA A9 10 07 ;;;30
START.MES;88;0x1F2F;N;［ジョージ］封印？それじゃあ君はあの水晶から出てきたって言うのか？;[George] Sealed? Then do you say that you came out of that crystal?;;30
START.MES;89;0x1F71;Y;A6 AA A9 17;;;30
START.MES;90;0x1F75;N;［ルピア］ええ、そうよ。;[Rupia] Yeah, right.;;30
START.MES;91;0x1F8D;Y;A6 AA A9 10 07 ;;;30
START.MES;92;0x1F92;N;［ジョージ］そんな・・・;[George] Such ...;;30
START.MES;93;0x1FAA;Y;A6 AA A9 17 ;;;30
START.MES;94;0x1FAE;N;［ルピア］そんな馬鹿なはずはないって言いたいんでしょうけどこれは、冗談でもなんでもないのよ。;[Rupia] I'd say I can't be silly, but it's not a joke.;;30
START.MES;95;0x200A;Y;A6 AA A9 17;;;30
START.MES;96;0x200E;N;［ルピア］ついでに言っておくとあなたが森で見つけたステロイドは私が捕まえたのよ。;[Rupia] Incidentally, I caught the steroid you found in the woods.;;30
START.MES;97;0x205E;Y;A6 AA A9 10 07 ;;;30
START.MES;98;0x2063;N;［ジョージ］ステロイド・・・みっミリアはどうしたんだ！;[George] Steroids ... What happened to Mimiglia!;;30
START.MES;99;0x2099;Y;A6 AA A9 17 ;;;30
START.MES;100;0x209D;N;［ルピア］残念だけどステロイドにさらわれちゃったわ。;[Rupia] Unfortunately, I was kidnapped by steroids.;;30
START.MES;101;0x20D1;Y;A6 AA A9 10 07 ;;;30
START.MES;102;0x20D6;N;［ジョージ］ちきしょう！なんてことだ！俺がついていながら・・・。;[George] Let's go! What! While I'm on ...;;30
START.MES;103;0x2116;Y;A6 AA A9 17 ;;;30
START.MES;104;0x211A;N;［ルピア］でも、あなたには私と修理が終ったステロイドがいるじゃない。;[Rupia] But you don't have a repaired steroid with me.;;30
START.MES;105;0x215E;Y;A6 AA A9 10 07 ;;;30
START.MES;106;0x2163;N;［ジョージ］えっ！;[George] Eh!;;30
START.MES;107;0x2175;Y;A6 AA A9 17 ;;;30
START.MES;108;0x2179;N;［ルピア］あなたが、直接あのステロイドに乗り込んでさらわれた彼女を助けに行くのよ。;[Rupia] You go directly to the steroid to help her who was kidnapped.;;30
START.MES;109;0x21CB;Y;A6 AA A9 10 07 ;;;30
START.MES;110;0x21D0;N;［ジョージ］でも、俺はステロイドの奴らが街の外からあの塀を越えてくるって事しか知らないんだぜ！;[George] But I only know that the steroid guys are crossing that fence from outside the city!;;30
START.MES;111;0x222E;Y;A6 AA;;;30
START.MES;112;0x2230;N;［ジョージ］それにあの壁の外がどうなっているか誰も知らないのに・・・。;[George] And no one knows what's going on outside of that wall ...;;30
START.MES;113;0x2276;Y;A6 AA A9 17 ;;;30
START.MES;114;0x227A;N;［ルピア］でも、私はだいたい知っているわ。;[Rupia] But I generally know.;;30
START.MES;115;0x22A4;Y;A6 AA A9 10 07 ;;;30
START.MES;116;0x22A9;N;［ジョージ］お前はいったい・・・;[George] You are ...;;30
START.MES;117;0x22C9;Y;A6 AA A9 17 ;;;30
START.MES;118;0x22CD;N;［ルピア］私のことはとりあえずおいておいて・・・あの壁の外の世界について私の知っているかぎりのことを教えてあげるわ。;[Rupia] For the time being, leave me alone ... I'll tell you as far as I know about the world outside that wall.;;30
START.MES;119;0x2341;Y;A6 AA;;;30
START.MES;120;0x2343;N;［ルピア］まず、あの壁の向こうにはこの街とおなじような閉ざされた街がいくつもあってこことおなじように人が住んでいるの。;[Rupia] First of all, behind that wall are many closed towns like this one, and people live in the same way here.;;30
START.MES;121;0x23B9;Y;A6 AA;;;30
START.MES;122;0x23BB;N;［ルピア］それぞれの街にはここと同じく泉があって体力の回復が出来るわ。;[Rupia] In each city, there is a spring like here and you can recover your physical strength.;;30
START.MES;123;0x2401;Y;A6 AA;;;30
START.MES;124;0x2403;N;［ルピア］おそらくステロイドは、その中のどこかからここに来るんだわ。;[Rupia] Probably steroids come here from somewhere.;;30
START.MES;125;0x2447;Y;A6 AA A9 10 07 ;;;30
START.MES;126;0x244C;N;［ジョージ］ミリアが助かる可能性が少しでもあるんならいってみるしかないな！;[George] If there is any chance that Milia will be saved, I have to try!;;30
START.MES;127;0x2496;Y;A6 AA A9 17 ;;;30
START.MES;128;0x249A;N;［ルピア］さあ、ぐずぐずしてる暇はないわ。いきましょう。;[Rupia] Come on, I don't have time to waste. let's go.;;30
START.MES;129;0x24D2;Y;A6 AA;;;30
START.MES;130;0x24D4;Y;B2 13 B7 15 2C 11 2C 10 09 AA B6 14 99 11 2C 12 A0 7D B2 12 A7 11 2C 11 2C 10 4F 2C 10 C7 A9 10 07 AA B2 11 A2 22 69 6E 69 74 2E 6D 65 73 22 7D ;Footer of data file, including a reference to the file INIT.MES.;;30
